mysql> source C:\Users\Cooper\Documents\College\RIT\Fall23\ISTE330\HW\HW01\Gadd_Cooper_HW01.sql
--------------
-- Gadd, Cooper
--------------

Query OK, 0 rows affected (0.00 sec)

--------------
-- 9/10/2023
--------------

Query OK, 0 rows affected (0.00 sec)

--------------
-- ISTE 330.02
--------------

Query OK, 0 rows affected (0.00 sec)

--------------
-- HW#01
--------------

Query OK, 0 rows affected (0.00 sec)

--------------
SELECT "ISTE 330.02", "HW01" AS "Student Gadd", NOW() AS "Date working on HW01"
--------------

+-------------+--------------+----------------------+
| ISTE 330.02 | Student Gadd | Date working on HW01 |
+-------------+--------------+----------------------+
| ISTE 330.02 | HW01         | 2023-09-10 00:33:11  |
+-------------+--------------+----------------------+
1 row in set (0.00 sec)

--------------
-- Students: Replace "Student LastName" with your own Lastname.
--------------

Query OK, 0 rows affected (0.00 sec)

--------------
-- ISTE-330 Database Connectivity and Access
--------------

Query OK, 0 rows affected (0.00 sec)

--------------
-- HW01 - SQL review
--------------

Query OK, 0 rows affected (0.00 sec)

Database changed
--------------
-- Opened Database Travel;     Script travelnew29.sql
--------------

Query OK, 0 rows affected (0.00 sec)

--------------
-- 1.
--------------

Query OK, 0 rows affected (0.00 sec)

--------------
SELECT "Question 01" AS "HW01 ISTE330"
--------------

+--------------+
| HW01 ISTE330 |
+--------------+
| Question 01  |
+--------------+
1 row in set (0.00 sec)

--------------
SELECT '1.What are the names and complete addresses of all passengers listed in order by last name? Please use the concat function and put the name in the format Lastname, Firstname.  Also match the column headings.' AS 'QUESTION 1'
--------------

+-----------------------------------------------------------------------------------------------------------------------------------------------------------------------------------------------------------------+
| QUESTION 1                                                                                                                                                                                                      |
+-----------------------------------------------------------------------------------------------------------------------------------------------------------------------------------------------------------------+
| 1.What are the names and complete addresses of all passengers listed in order by last name? Please use the concat function and put the name in the format Lastname, Firstname.  Also match the column headings. |
+-----------------------------------------------------------------------------------------------------------------------------------------------------------------------------------------------------------------+
1 row in set (0.00 sec)

--------------
SELECT CONCAT(LName,', ',FName) AS 'Passenger',street,city,zips.State,zip
FROM travel.passenger
JOIN travel.zips USING (Zip)
ORDER BY LName
--------------

+---------------+---------------------------+------------+-------+-------+
| Passenger     | street                    | city       | State | zip   |
+---------------+---------------------------+------------+-------+-------+
| Bennet, Ken   | 12 Marway Circle          | Rochester  | NY    | 14624 |
| Brown, Terry  | 100 Pennsylvania Ave      | Framingham | MA    | 01701 |
| Brown, Curtis | 100 Ajax Rd               | Rochester  | NY    | 14624 |
| Callahan, Dan | 320 West Craig Hill       | Rochester  | NY    | 14626 |
| Gleason, Rich | 232 Industrial Park Dr    | Frankfort  | NY    | 13340 |
| Hughes, Patti | 280 Commerce Dr           | Rochester  | NY    | 14623 |
| Kier, Scott   | 150 Highland Ave.         | Rochester  | NY    | 14618 |
| Lucas, Mark   | 425 Old Center Macedon Rd | Fairport   | NY    | 14450 |
| Payne, Dale   | 34 Foley Dr               | Sodus      | NY    | 14551 |
| Wilson, Scott | 70 Bermar Park            | Rochester  | NY    | 14624 |
+---------------+---------------------------+------------+-------+-------+
10 rows in set (0.00 sec)

--------------
-- 2.
--------------

Query OK, 0 rows affected (0.00 sec)

--------------
SELECT "Question 02" AS "HW01 ISTE330"
--------------

+--------------+
| HW01 ISTE330 |
+--------------+
| Question 02  |
+--------------+
1 row in set (0.00 sec)

--------------
SELECT '2. What are the trip numbers, departure times, and departure locations code for all bus trips?' AS 'QUESTION 2'
--------------

+------------------------------------------------------------------------------------------------+
| QUESTION 2                                                                                     |
+------------------------------------------------------------------------------------------------+
| 2. What are the trip numbers, departure times, and departure locations code for all bus trips? |
+------------------------------------------------------------------------------------------------+
1 row in set (0.00 sec)

--------------
SELECT tripnum,departuretime,departureloccode
FROM travel.trip_directory
JOIN travel.tripcodes USING (TripType)
WHERE TypeName = 'Bus'
--------------

+---------+---------------+------------------+
| tripnum | departuretime | departureloccode |
+---------+---------------+------------------+
| 546     | 3:00 PM       | JFK              |
| 6432    | 1:00 PM       | JFK              |
+---------+---------------+------------------+
2 rows in set (0.00 sec)

--------------
-- 3.
--------------

Query OK, 0 rows affected (0.00 sec)

--------------
SELECT '3. What are the names of the passengers who are traveling in October?' AS 'QUESTION 3'
--------------

+-----------------------------------------------------------------------+
| QUESTION 3                                                            |
+-----------------------------------------------------------------------+
| 3. What are the names of the passengers who are traveling in October? |
+-----------------------------------------------------------------------+
1 row in set (0.00 sec)

--------------
SELECT CONCAT(LName,', ',FName) AS 'Passenger'
FROM travel.trip_people
JOIN travel.passenger USING (PassengerID)
WHERE MONTH(Date) = 10
--------------

+---------------+
| Passenger     |
+---------------+
| Bennet, Ken   |
| Hughes, Patti |
| Payne, Dale   |
| Callahan, Dan |
| Wilson, Scott |
+---------------+
5 rows in set (0.00 sec)

--------------
-- 4.
--------------

Query OK, 0 rows affected (0.00 sec)

--------------
SELECT '4. How many trips in the trip directory leave from each city?' AS 'QUESTION 4'
--------------

+---------------------------------------------------------------+
| QUESTION 4                                                    |
+---------------------------------------------------------------+
| 4. How many trips in the trip directory leave from each city? |
+---------------------------------------------------------------+
1 row in set (0.00 sec)

--------------
SELECT Location, COUNT(DepartureLocCode) AS 'Number of Departures'
FROM travel.trip_directory
JOIN travel.locations ON locations.LocationCode = trip_directory.DepartureLocCode
GROUP BY locations.Location,trip_directory.DepartureLocCode
ORDER BY locations.Location DESC
--------------

+-----------+----------------------+
| Location  | Number of Departures |
+-----------+----------------------+
| Rochester |                    1 |
| New York  |                    2 |
| Las Vegas |                    1 |
| Buffalo   |                    1 |
| Boston    |                    1 |
+-----------+----------------------+
5 rows in set (0.00 sec)

--------------
-- 5.
--------------

Query OK, 0 rows affected (0.00 sec)

--------------
SELECT '5. Who, if anyone, is working the Rochester trip to Buffalo during September 2017?' AS 'QUESTION 5'
--------------

+------------------------------------------------------------------------------------+
| QUESTION 5                                                                         |
+------------------------------------------------------------------------------------+
| 5. Who, if anyone, is working the Rochester trip to Buffalo during September 2017? |
+------------------------------------------------------------------------------------+
1 row in set (0.00 sec)

--------------
SELECT name
FROM travel.staff
JOIN travel.trip USING (tripnum)
JOIN travel.locations ON locations.LocationCode = trip.ArrivalLocCode
WHERE Location = 'Buffalo'
AND MONTH(staff.date) = 9
AND YEAR(staff.date) = 2017
--------------

+--------------+
| name         |
+--------------+
| Howard Vogel |
+--------------+
1 row in set (0.00 sec)

--------------
-- 6.
--------------

Query OK, 0 rows affected (0.00 sec)

--------------
SELECT '6. Greg Zalewski who works for Rides ‘R’ Us is from Framingham. Who, if anyone, will he meet from his town when he works on a trip, and during what trip number?' AS 'QUESTION 6'
--------------

+----------------------------------------------------------------------------------------------------------------------------------------------------------------------+
| QUESTION 6                                                                                                                                                           |
+----------------------------------------------------------------------------------------------------------------------------------------------------------------------+
| 6. Greg Zalewski who works for Rides ‘R’ Us is from Framingham. Who, if anyone, will he meet from his town when he works on a trip, and during what trip number? |
+----------------------------------------------------------------------------------------------------------------------------------------------------------------------+
1 row in set (0.00 sec)

--------------
SELECT tripnum, CONCAT(FName,' ',LName) AS 'People from Framingham'
FROM travel.trip_people
JOIN travel.passenger USING (PassengerID)
JOIN travel.zips USING (Zip)
JOIN travel.staff USING (TripNum)
WHERE zips.city = 'Framingham'
AND staff.name = 'Greg Zalewski'
--------------

+---------+------------------------+
| tripnum | People from Framingham |
+---------+------------------------+
| 3030    | Terry Brown            |
+---------+------------------------+
1 row in set (0.00 sec)

--------------
-- 7.
--------------

Query OK, 0 rows affected (0.00 sec)

--------------
SELECT '7.What people from Rochester, travel by bus?' AS 'QUESTION 7'
--------------

+----------------------------------------------+
| QUESTION 7                                   |
+----------------------------------------------+
| 7.What people from Rochester, travel by bus? |
+----------------------------------------------+
1 row in set (0.00 sec)

--------------
SELECT fname, lname
FROM travel.trip_directory
JOIN travel.tripcodes USING (TripType)
JOIN travel.trip_people USING (TripNum)
JOIN travel.passenger USING (PassengerID)
JOIN travel.zips USING (Zip)
WHERE TypeName = 'Bus'
AND city = 'Rochester'
--------------

+--------+-------+
| fname  | lname |
+--------+-------+
| Curtis | Brown |
+--------+-------+
1 row in set (0.00 sec)

--------------
    
-- 8.
SELECT '8. What is the description of the equipment on which Rich Gleason travels?' AS 'QUESTION 8'
--------------

+----------------------------------------------------------------------------+
| QUESTION 8                                                                 |
+----------------------------------------------------------------------------+
| 8. What is the description of the equipment on which Rich Gleason travels? |
+----------------------------------------------------------------------------+
1 row in set (0.00 sec)

--------------
SELECT equipmentdescription
FROM travel.trip
JOIN travel.equipment USING (EquipId)
JOIN travel.trip_people USING (TripNum)
JOIN travel.passenger USING (PassengerID)
WHERE fname = 'Rich'
AND lname = 'Gleason'
--------------

+----------------------+
| equipmentdescription |
+----------------------+
| Coach                |
+----------------------+
1 row in set (0.00 sec)

--------------
    
-- 9.	
SELECT '9.Who are the passengers that travel by plan and depart from �Buffalo�? Organize the output in ascending alphabetical order by passenger�s last name.  You must match the two columns and the actual column headings.' AS 'QUESTION 9'
--------------

+-----------------------------------------------------------------------------------------------------------------------------------------------------------------------------------------------------------------------------+
| QUESTION 9                                                                                                                                                                                                                  |
+-----------------------------------------------------------------------------------------------------------------------------------------------------------------------------------------------------------------------------+
| 9.Who are the passengers that travel by plan and depart from �Buffalo�? Organize the output in ascending alphabetical order by passenger�s last name.  You must match the two columns and the actual column headings. |
+-----------------------------------------------------------------------------------------------------------------------------------------------------------------------------------------------------------------------------+
1 row in set (0.00 sec)

--------------
SELECT Location AS 'Departure Location',CONCAT(lname,', ',fname) AS 'Passanger'
FROM travel.trip
JOIN travel.locations ON locations.LocationCode = trip.DepartureLocCode
JOIN travel.trip_people USING (TripNum)
JOIN travel.passenger USING (PassengerID)
JOIN travel.trip_directory USING (TripNum)
JOIN travel.tripcodes USING (TripType)
WHERE Location = 'Buffalo'
AND typename = 'Plane'
ORDER BY lname
--------------

+--------------------+---------------+
| Departure Location | Passanger     |
+--------------------+---------------+
| Buffalo            | Callahan, Dan |
| Buffalo            | Payne, Dale   |
| Buffalo            | Wilson, Scott |
+--------------------+---------------+
3 rows in set (0.00 sec)

--------------
    
-- 10.	
SELECT '10. On which scheduled flights might there be people with cell phones?' AS 'QUESTION 10'
--------------

+------------------------------------------------------------------------+
| QUESTION 10                                                            |
+------------------------------------------------------------------------+
| 10. On which scheduled flights might there be people with cell phones? |
+------------------------------------------------------------------------+
1 row in set (0.00 sec)

--------------
SELECT tripnum,trip.date AS 'date'
FROM travel.trip
JOIN travel.trip_directory USING (TripNum)
JOIN travel.tripcodes USING (TripType)
JOIN travel.trip_people USING (TripNum)
JOIN travel.passenger USING (PassengerID)
JOIN travel.phones USING (PassengerID)
WHERE TypeName = 'Plane'
AND PhoneType = 'Cell'
GROUP BY tripnum, trip.date
--------------

+---------+------------+
| tripnum | date       |
+---------+------------+
| 1027    | 2017-10-11 |
+---------+------------+
1 row in set (0.00 sec)

--------------
    
-- 11.	
SELECT '11. On how many trips has each piece of equipment been used? Organize the output in ascending alphabetical order ' AS 'QUESTION 11'
--------------

+-------------------------------------------------------------------------------------------------------------------+
| QUESTION 11                                                                                                       |
+-------------------------------------------------------------------------------------------------------------------+
| 11. On how many trips has each piece of equipment been used? Organize the output in ascending alphabetical order  |
+-------------------------------------------------------------------------------------------------------------------+
1 row in set (0.00 sec)

--------------
SELECT equipmentname,equipid,COUNT(TripNum) AS 'NumTrips'
FROM travel.equipment
LEFT JOIN travel.trip USING (EquipId)
GROUP BY equipmentname,equipid
ORDER BY equipmentname
--------------

+---------------+---------+----------+
| equipmentname | equipid | NumTrips |
+---------------+---------+----------+
| Airbus 300    |    1256 |        1 |
| Boeing 727    |    5634 |        1 |
| Boeing 727    |    8596 |        1 |
| Boeing 767    |    3644 |        0 |
| Bus 264       |     894 |        1 |
| Bus 345       |    7624 |        1 |
| Continental   |     568 |        1 |
+---------------+---------+----------+
7 rows in set (0.00 sec)

--------------
-- 12.
--------------

Query OK, 0 rows affected (0.00 sec)

--------------
SELECT '12. What equipment has never been used on a trip?' AS 'QUESTION 12'
--------------

+---------------------------------------------------+
| QUESTION 12                                       |
+---------------------------------------------------+
| 12. What equipment has never been used on a trip? |
+---------------------------------------------------+
1 row in set (0.00 sec)

--------------
SELECT equipid,equipmentname,COUNT(TripNum) AS 'NumTrips'
FROM travel.equipment
LEFT JOIN travel.trip USING (EquipId)
GROUP BY equipmentname, equipid
HAVING COUNT(TripNum) = 0
ORDER BY equipmentname
--------------

+---------+---------------+----------+
| equipid | equipmentname | NumTrips |
+---------+---------------+----------+
|    3644 | Boeing 767    |        0 |
+---------+---------------+----------+
1 row in set (0.00 sec)

--------------
   
-- 13.	
SELECT '13. During the period of 9/1/2017 through 10/31/2017, what types of transportation had more than 1 trip?' AS 'QUESTION 13'
--------------

+----------------------------------------------------------------------------------------------------------+
| QUESTION 13                                                                                              |
+----------------------------------------------------------------------------------------------------------+
| 13. During the period of 9/1/2017 through 10/31/2017, what types of transportation had more than 1 trip? |
+----------------------------------------------------------------------------------------------------------+
1 row in set (0.00 sec)

--------------
SELECT typename, COUNT(TripNum) AS 'NumTrips'
FROM travel.trip
JOIN travel.trip_directory USING (TripNum)
JOIN travel.tripcodes USING (TripType)
WHERE TypeName = 'Plane'
AND trip.date BETWEEN '2017-09-01' AND '2017-10-31'
GROUP BY typename
--------------

+----------+----------+
| typename | NumTrips |
+----------+----------+
| Plane    |        2 |
+----------+----------+
1 row in set (0.00 sec)

mysql> notee
