mysql> SHOW PROCEDURE STATUS WHERE db LIKE "classic%";
--------------
SHOW PROCEDURE STATUS WHERE db LIKE "classic%"
--------------

+---------------+------------------------+-----------+----------+----------------+---------------------+---------------------+---------------+---------+----------------------+----------------------+--------------------+
| Db            | Name                   | Type      | Language | Definer        | Modified            | Created             | Security_type | Comment | character_set_client | collation_connection | Database Collation |
+---------------+------------------------+-----------+----------+----------------+---------------------+---------------------+---------------+---------+----------------------+----------------------+--------------------+
| classicmodels | GetCustomerLevel       | PROCEDURE | SQL      | root@localhost | 2023-10-27 18:22:43 | 2023-10-27 18:22:43 | DEFINER       |         | utf8mb3              | utf8mb3_general_ci   | utf8mb4_0900_ai_ci |
| classicmodels | GetProducts            | PROCEDURE | SQL      | root@localhost | 2023-10-27 18:22:47 | 2023-10-27 18:22:47 | DEFINER       |         | utf8mb3              | utf8mb3_general_ci   | utf8mb4_0900_ai_ci |
| classicmodels | get_order_by_cust      | PROCEDURE | SQL      | root@localhost | 2023-10-27 18:22:33 | 2023-10-27 18:22:33 | DEFINER       |         | utf8mb3              | utf8mb3_general_ci   | utf8mb4_0900_ai_ci |
| classicmodels | update_employees_audit | PROCEDURE | SQL      | root@localhost | 2023-10-27 18:22:50 | 2023-10-27 18:22:50 | DEFINER       |         | utf8mb3              | utf8mb3_general_ci   | utf8mb4_0900_ai_ci |
+---------------+------------------------+-----------+----------+----------------+---------------------+---------------------+---------------+---------+----------------------+----------------------+--------------------+
4 rows in set (0.00 sec)

mysql> SHOW CREATE PROCEDURE GetCustomerLevel\G
--------------
SHOW CREATE PROCEDURE GetCustomerLevel
--------------

*************************** 1. row ***************************
           Procedure: GetCustomerLevel
            sql_mode: NO_AUTO_VALUE_ON_ZERO
    Create Procedure: CREATE DEFINER=`root`@`localhost` PROCEDURE `GetCustomerLevel`(
    IN p_customerNumber int(11), 
    OUT p_customerLevel  varchar(10))
BEGIN
        DECLARE creditlim double;
        SELECT creditlimit INTO creditlim
        FROM customers
        WHERE customerNumber = p_customerNumber;

        IF creditlim > 50000 THEN
            SET p_customerLevel = 'PLATINUM';
        ELSEIF creditlim >= 10000 THEN 
            SET p_customerLevel = 'GOLD';
        ELSE
            SET p_customerLevel = 'SILVER';
        END IF;
    END
character_set_client: utf8mb3
collation_connection: utf8mb3_general_ci
  Database Collation: utf8mb4_0900_ai_ci
1 row in set (0.00 sec)

mysql> SHOW CREATE PROCEDURE GetProducts\G
--------------
SHOW CREATE PROCEDURE GetProducts
--------------

*************************** 1. row ***************************
           Procedure: GetProducts
            sql_mode: NO_AUTO_VALUE_ON_ZERO
    Create Procedure: CREATE DEFINER=`root`@`localhost` PROCEDURE `GetProducts`()
BEGIN
        SELECT productCode,productName,quantityInStock FROM products LIMIT 10;
    END
character_set_client: utf8mb3
collation_connection: utf8mb3_general_ci
  Database Collation: utf8mb4_0900_ai_ci
1 row in set (0.00 sec)

mysql> SHOW CREATE PROCEDURE update_employees_audit\G
--------------
SHOW CREATE PROCEDURE update_employees_audit
--------------

*************************** 1. row ***************************
           Procedure: update_employees_audit
            sql_mode: NO_AUTO_VALUE_ON_ZERO
    Create Procedure: CREATE DEFINER=`root`@`localhost` PROCEDURE `update_employees_audit`(
    IN OLD_employeeNumber INT(11),
    IN OLD_lastname VARCHAR(50),
    IN OLD_firstname VARCHAR(50)
)
BEGIN
        INSERT INTO employees_audit
        SET action = 'update',
        employeeNumber = OLD_employeeNumber,
        lastname = OLD_lastname,
        firstname = OLD_firstname,
        changedat = NOW();
    END
character_set_client: utf8mb3
collation_connection: utf8mb3_general_ci
  Database Collation: utf8mb4_0900_ai_ci
1 row in set (0.00 sec)

mysql> SHOW CREATE PROCEDURE get_order_by_cust\G
--------------
SHOW CREATE PROCEDURE get_order_by_cust
--------------

*************************** 1. row ***************************
           Procedure: get_order_by_cust
            sql_mode: NO_AUTO_VALUE_ON_ZERO
    Create Procedure: CREATE DEFINER=`root`@`localhost` PROCEDURE `get_order_by_cust`(
 IN cust_no INT,
 OUT shipped INT,
 OUT canceled INT,
 OUT resolved INT,
 OUT disputed INT)
BEGIN
 -- shipped
 SELECT
            count(*) INTO shipped
        FROM
            orders
        WHERE
            customerNumber = cust_no
                AND status = 'Shipped';
 
 -- canceled
 SELECT
            count(*) INTO canceled
        FROM
            orders
        WHERE
            customerNumber = cust_no
                AND status = 'Canceled';
 
 -- resolved
 SELECT
            count(*) INTO resolved
        FROM
            orders
        WHERE
            customerNumber = cust_no
                AND status = 'Resolved';
 
 -- disputed
 SELECT
            count(*) INTO disputed
        FROM
            orders
        WHERE
            customerNumber = cust_no
                AND status = 'Disputed';
 
END
character_set_client: utf8mb3
collation_connection: utf8mb3_general_ci
  Database Collation: utf8mb4_0900_ai_ci
1 row in set (0.00 sec)

mysql> CALL GetCustomerLevel(112, @level);
--------------
CALL GetCustomerLevel(112, @level)
--------------

Query OK, 1 row affected (0.00 sec)

mysql> SELECT "112", @level AS "Credit_Level";
--------------
SELECT "112", @level AS "Credit_Level"
--------------

+-----+--------------+
| 112 | Credit_Level |
+-----+--------------+
| 112 | PLATINUM     |
+-----+--------------+
1 row in set (0.00 sec)

mysql> CALL GetCustomerLevel(114, @level);
--------------
CALL GetCustomerLevel(114, @level)
--------------

Query OK, 1 row affected (0.00 sec)

mysql> SELECT "114", @level AS "Credit_Level";
--------------
SELECT "114", @level AS "Credit_Level"
--------------

+-----+--------------+
| 114 | Credit_Level |
+-----+--------------+
| 114 | PLATINUM     |
+-----+--------------+
1 row in set (0.00 sec)

mysql> CALL GetCustomerLevel(125, @level);
--------------
CALL GetCustomerLevel(125, @level)
--------------

Query OK, 1 row affected (0.00 sec)

mysql> SELECT "125", @level AS "Credit_Level";
--------------
SELECT "125", @level AS "Credit_Level"
--------------

+-----+--------------+
| 125 | Credit_Level |
+-----+--------------+
| 125 | SILVER       |
+-----+--------------+
1 row in set (0.00 sec)

mysql> CALL GetCustomerLevel(381, @level);
--------------
CALL GetCustomerLevel(381, @level)
--------------

Query OK, 1 row affected (0.00 sec)

mysql> SELECT "381", @level AS "Credit_Level";
--------------
SELECT "381", @level AS "Credit_Level"
--------------

+-----+--------------+
| 381 | Credit_Level |
+-----+--------------+
| 381 | GOLD         |
+-----+--------------+
1 row in set (0.00 sec)

mysql> CALL get_order_by_cust(141,@shipped,@canceled,@resolved,@disputed);
--------------
CALL get_order_by_cust(141,@shipped,@canceled,@resolved,@disputed)
--------------

Query OK, 1 row affected (0.00 sec)

mysql> SELECT @shipped,@canceled,@resolved,@disputed;
--------------
SELECT @shipped,@canceled,@resolved,@disputed
--------------

+----------+-----------+-----------+-----------+
| @shipped | @canceled | @resolved | @disputed |
+----------+-----------+-----------+-----------+
|       22 |         0 |         1 |         1 |
+----------+-----------+-----------+-----------+
1 row in set (0.00 sec)

mysql> SELECT * FROM employees_audit;
--------------
SELECT * FROM employees_audit
--------------

+----+----------------+-----------+-----------+---------------------+--------+
| id | employeeNumber | lastname  | firstname | changedat           | action |
+----+----------------+-----------+-----------+---------------------+--------+
|  1 |           1002 | Murphy    | Diane     | 2023-10-27 22:22:50 | update |
|  2 |           1056 | Patterson | Mary      | 2023-10-27 22:22:50 | update |
|  3 |           1076 | Firrelli  | Jeff      | 2023-10-27 22:22:50 | update |
+----+----------------+-----------+-----------+---------------------+--------+
3 rows in set (0.00 sec)

mysql> NOTEE
